<?xml version="1.0" encoding="UTF-8"?>
<project-private xmlns="http://www.netbeans.org/ns/project-private/1">
    <editor-bookmarks xmlns="http://www.netbeans.org/ns/editor-bookmarks/2" lastBookmarkId="0"/>
    <open-files xmlns="http://www.netbeans.org/ns/projectui-open-files/2">
        <group>
            <file>file:/Users/ozcan/NetBeansProjects/ArabaKiralama/src/KiralamaUI/Main.java</file>
            <file>file:/Users/ozcan/NetBeansProjects/ArabaKiralama/src/KiralamaBackend/AracMapper.java</file>
            <file>file:/Users/ozcan/NetBeansProjects/ArabaKiralama/src/KiralamaUI/AracKiralama.java</file>
            <file>file:/Users/ozcan/NetBeansProjects/ArabaKiralama/src/KiralamaBackend/MusteriMapper.java</file>
            <file>file:/Users/ozcan/NetBeansProjects/ArabaKiralama/src/KiralamaDomain/Sistem.java</file>
            <file>file:/Users/ozcan/NetBeansProjects/ArabaKiralama/src/KiralamaBackend/SubeMapper.java</file>
            <file>file:/Users/ozcan/NetBeansProjects/ArabaKiralama/src/KiralamaDomain/Sube.java</file>
            <file>file:/Users/ozcan/NetBeansProjects/ArabaKiralama/src/KiralamaDomain/ServisKatalog.java</file>
            <file>file:/Users/ozcan/NetBeansProjects/ArabaKiralama/src/KiralamaBackend/Facade.java</file>
            <file>file:/Users/ozcan/NetBeansProjects/ArabaKiralama/src/KiralamaBackend/IMapper.java</file>
            <file>file:/Users/ozcan/NetBeansProjects/ArabaKiralama/src/KiralamaDomain/AracKatalog.java</file>
            <file>file:/Users/ozcan/NetBeansProjects/ArabaKiralama/src/KiralamaBackend/KiralamaMapper.java</file>
            <file>file:/Users/ozcan/NetBeansProjects/ArabaKiralama/src/KiralamaDomain/Servis.java</file>
            <file>file:/Users/ozcan/NetBeansProjects/ArabaKiralama/src/KiralamaBackend/ServisMapper.java</file>
            <file>file:/Users/ozcan/NetBeansProjects/ArabaKiralama/src/KiralamaDomain/AracKiralama.java</file>
            <file>file:/Users/ozcan/NetBeansProjects/ArabaKiralama/src/KiralamaUI/PersonelPanel.java</file>
            <file>file:/Users/ozcan/NetBeansProjects/ArabaKiralama/src/KiralamaUI/AracSahibiPanel.java</file>
            <file>file:/Users/ozcan/NetBeansProjects/ArabaKiralama/src/KiralamaBackend/PersonelMapper.java</file>
            <file>file:/Users/ozcan/NetBeansProjects/ArabaKiralama/src/KiralamaDomain/Arac.java</file>
            <file>file:/Users/ozcan/NetBeansProjects/ArabaKiralama/src/KiralamaUI/AracEkleme.java</file>
            <file>file:/Users/ozcan/NetBeansProjects/ArabaKiralama/src/KiralamaUI/AracSahibiGiris.java</file>
            <file>file:/Users/ozcan/NetBeansProjects/ArabaKiralama/src/KiralamaDomain/AracEkleme.java</file>
            <file>file:/Users/ozcan/NetBeansProjects/ArabaKiralama/src/KiralamaDomain/ServiseGonderme.java</file>
            <file>file:/Users/ozcan/NetBeansProjects/ArabaKiralama/src/KiralamaDomain/Register.java</file>
            <file>file:/Users/ozcan/NetBeansProjects/ArabaKiralama/src/KiralamaUI/AracServiseGonderme.java</file>
        </group>
    </open-files>
</project-private>
